ïîà ,óÚâªì‡óe,
äOï«,Ç–Ç—äÑÇÍ,1-(1)
ì‡ï«,îöóÙ,1-(1)
è„ó†,åáëπ,1-(1)
,óÚâª,1-(1)
,ìhñåîçÇ™ÇÍ,1-(1)
,ìhñåñcÇÍ,1-(1)
,,1-(1)
,,1-(1)
,,1-(1)
,,1-(1)
,,1-(1)
,,1-(1)
,,1-(1)
,,1-(1)
,,1-(1)
,,1-(1)
,,1-(1)
,,1-(1)
,,1-(1)
,,1-(1)
,,1-(1)
,,1-(1)
,,1-(2)
,,1-(2)
,,1-(2)
,,1-(2)
,,1-(2)
,,1-(2)
,,1-(2)
,,1-(2)
,,1-(2)
,,1-(2)
,,1-(2)
,,1-(2)
,,1-(2)
,,1-(2)
,,1-(2)
,,1-(2)
,,1-(2)
,,1-(2)
,,1-(2)
,,1-(2)
,,1-(2)
,,1-(2)
,,1-(2)
,,1-(2)
,,1-(2)
,,1-(2)
,,1-(2)
,,1-(2)
,,1-(2)
,,1-(2)
,,1-(2)
,,1-(2)
,,1-(2)
,,1-(4)
,,1-(5)
,,1-(5)
,,1-(5)
,,1-(5)
,,1-(5)
,,1-(5)
,,1-(5)
,,1-(5)
,,1-(5)
,,1-(5)
,,1-(5)
,,1-(5)
,,1-(5)
,,1-(5)
,,1-(5)
,,1-(5)
,,1-(5)
,,1-(5)
,,1-(5)
,,1-(5)
,,1-(5)
,,1-(5)
,,1-(5)
,,1-(5)
,,1-(5)
,,1-(5)
,,1-(5)
,,1-(5)
,,1-(5)
,,1-(5)
,,1-(5)
,,1-(5)
,,1-(5)
,,1-(5)
,,1-(7)
,,1-(7)
,,1-(7)
,,1-(7)
,,1-(7)
,,1-(7)
,,1-(7)
,,1-(7)
,,1-(7)
,,1-(7)
,,1-(7)
,,1-(7)
,,1-(7)
,,1-(7)
,,1-(7)
,,1-(7)
,,1-(7)
,,1-(7)
,,1-(7)
,,1-(7)
,,1-(7)
,,1-(7)
,,1-(7)
,,1-(7)
,,1-(7)
,,1-(7)
,,1-(7)
,,1-(7)
,,1-(7)
,,1-(7)
,,1-(7)
,,1-(7)
,,1-(7)
,,1-(7)
,,1-(7)
,,1-(7)
,,1-(7)
,,1-(7)
,,1-(7)
,,1-(7)
,,1-(8)
,,1-(8)
,,1-(8)
,,1-(8)
,,1-(8)
,,1-(8)
,,1-(8)
,,1-(8)
,,1-(8)
,,1-(8)
,,1-(8)
,,1-(8)
,,1-(8)
,,1-(8)
,,1-(8)
,,1-(8)
,,1-(8)
,,1-(8)
,,1-(8)
,,1-(8)
,,1-(8)
,,1-(8)
,,1-(8)
,,1-(8)
,,1-(8)
,,1-(8)
,,1-(8)
,,1-(8)
,,1-(8)
,,1-(8)
,,1-(8)
,,1-(8)
,,1-(8)
,,1-(8)
,,1-(8)
,,1-(8)
,,1-(8)
,,1-(8)
,,1-(8)
,,1-(8)
,,1-(8)
,,1-(8)
,,1-(8)
,,1-(8)
,,1-(8)
,,1-(8)
,,1-(8)
,,1-(8)
,,1-(8)
,,1-(8)
,,1-(8)
,,1-(8)
,,1-(8)
,,1-(8)
,,1-(8)
,,1-(9)
,,1-(9)
,,1-(9)
,,1-(9)
,,1-(9)
,,1-(9)
,,2-(1)
,,2-(1)
,,2-(1)
,,2-(1)
,,2-(1)
,,2-(1)
,,2-(1)
,,2-(1)
,,2-(10)
,,2-(10)
,,2-(10)
,,2-(10)
,,2-(10)
,,2-(10)
,,2-(10)
,,2-(10)
,,2-(10)
,,2-(10)
,,2-(10)
,,2-(10)
,,2-(10)
,,2-(10)
,,2-(10)
,,2-(10)
,,2-(10)
,,2-(10)
,,2-(10)
,,2-(10)
,,2-(10)
,,2-(10)
,,2-(10)
,,2-(10)
,,2-(10)
,,2-(10)
,,2-(10)
,,2-(10)
,,2-(10)
,,2-(10)
,,2-(10)
,,2-(10)
,,2-(10)
,,2-(10)
,,2-(10)
,,2-(10)
,,2-(10)
,,2-(10)
,,2-(10)
,,2-(10)
,,2-(10)
,,2-(10)
,,2-(10)
,,2-(10)
,,2-(10)
,,2-(10)
,,2-(10)
,,2-(10)
,,2-(10)
,,2-(10)
,,2-(10)
,,2-(10)
,,2-(10)
,,2-(10)
,,2-(10)
,,2-(10)
,,2-(10)
,,2-(10)
,,2-(10)
,,2-(10)
,,2-(10)
,,2-(10)
,,2-(10)
,,2-(10)
,,2-(10)
,,2-(10)
,,2-(10)
,,2-(10)
,,2-(10)
,,2-(10)
,,2-(10)
,,2-(10)
,,2-(10)
,,2-(10)
,,2-(10)
,,2-(10)
,,2-(10)
,,2-(10)
,,2-(10)
,,2-(10)
,,2-(10)
,,2-(10)
,,2-(10)
,,2-(10)
,,2-(10)
,,2-(10)
,,2-(10)
,,2-(10)
,,2-(10)
,,2-(10)
,,2-(10)
,,2-(10)
,,2-(10)
,,2-(10)
,,2-(10)
,,2-(10)
,,2-(10)
,,2-(10)
,,2-(10)
,,2-(10)
,,2-(10)
,,2-(10)
,,2-(10)
,,2-(10)
,,2-(10)
,,2-(10)
,,2-(10)
,,2-(10)
,,2-(10)
,,2-(10)
,,2-(10)
,,2-(10)
,,2-(10)
,,2-(10)
,,2-(10)
,,2-(10)
,,2-(10)
,,2-(10)
,,2-(10)
,,2-(10)
,,2-(10)
,,2-(10)
,,2-(10)
,,2-(10)
,,2-(10)
,,2-(10)
,,2-(10)
,,2-(10)
,,2-(10)
,,2-(10)
,,2-(10)
,,2-(10)
,,2-(10)
,,2-(10)
,,2-(10)
,,2-(10)
,,2-(10)
,,2-(10)
,,2-(10)
,,2-(10)
,,2-(10)
,,2-(10)
,,2-(10)
,,2-(10)
,,2-(10)
,,2-(10)
,,2-(10)
,,2-(10)
,,2-(10)
,,2-(10)
,,2-(10)
,,2-(10)
,,2-(10)
,,2-(10)
,,2-(10)
,,2-(10)
,,2-(10)
,,2-(10)
,,2-(10)
,,2-(10)
,,2-(10)
,,2-(10)
,,2-(10)
,,2-(10)
,,2-(10)
,,2-(10)
,,2-(10)
,,2-(10)
,,2-(10)
,,2-(10)
,,2-(10)
,,2-(10)
,,2-(10)
,,2-(10)
,,2-(10)
,,2-(10)
,,2-(11)
,,2-(11)
,,2-(11)
,,2-(11)
,,2-(11)
,,2-(11)
,,2-(11)
,,2-(11)
,,2-(11)
,,2-(11)
,,2-(11)
,,2-(11)
,,2-(11)
,,2-(11)
,,2-(11)
,,2-(11)
,,2-(11)
,,2-(11)
,,2-(11)
,,2-(11)
,,2-(11)
,,2-(11)
,,2-(11)
,,2-(11)
,,2-(11)
,,2-(11)
,,2-(11)
,,2-(11)
,,2-(11)
,,2-(11)
,,2-(11)
,,2-(11)
,,2-(11)
,,2-(11)
,,2-(11)
,,2-(11)
,,2-(11)
,,2-(11)
,,2-(11)
,,2-(11)
,,2-(11)
,,2-(11)
,,2-(11)
,,2-(11)
,,2-(11)
,,2-(11)
,,2-(11)
,,2-(11)
,,2-(11)
,,2-(11)
,,2-(11)
,,2-(11)
,,2-(11)
,,2-(13)
,,2-(14)
,,2-(15)
,,2-(15)
,,2-(15)
,,2-(15)
,,2-(15)
,,2-(15)
,,2-(15)
,,2-(15)
,,2-(15)
,,2-(15)
,,2-(15)
,,2-(15)
,,2-(15)
,,2-(15)
,,2-(15)
,,2-(15)
,,2-(15)
,,2-(15)
,,2-(2)
,,2-(2)
,,2-(2)
,,2-(2)
,,2-(2)
,,2-(2)
,,2-(2)
,,2-(2)
,,2-(2)
,,2-(2)
,,2-(2)
,,2-(2)
,,2-(2)
,,2-(2)
,,2-(2)
,,2-(2)
,,2-(2)
,,2-(2)
,,2-(2)
,,2-(2)
,,2-(2)
,,2-(2)
,,2-(2)
,,2-(2)
,,2-(2)
,,2-(2)
,,2-(2)
,,2-(2)
,,2-(2)
,,2-(2)
,,2-(2)
,,2-(2)
,,2-(2)
,,2-(2)
,,2-(2)
,,2-(2)
,,2-(2)
,,2-(2)
,,2-(2)
,,2-(2)
,,2-(2)
,,2-(2)
,,2-(2)
,,2-(2)
,,2-(2)
,,2-(2)
,,2-(2)
,,2-(2)
,,2-(2)
,,2-(2)
,,2-(2)
,,2-(2)
,,2-(2)
,,2-(2)
,,2-(2)
,,2-(2)
,,2-(2)
,,2-(2)
,,2-(2)
,,2-(2)
,,2-(2)
,,2-(2)
,,2-(2)
,,2-(2)
,,2-(5)
,,2-(5)
,,2-(5)
,,2-(5)
,,2-(5)
,,2-(5)
,,3-(1)
,,3-(1)
,,3-(1)
,,3-(1)
,,3-(1)
,,3-(1)
,,3-(1)
,,3-(1)
,,3-(1)
,,3-(1)
,,3-(1)
,,3-(1)
,,3-(1)
,,3-(1)
,,3-(1)
,,3-(1)
,,3-(1)
,,3-(1)
,,3-(1)
,,3-(1)
,,3-(1)
,,3-(1)
,,3-(1)
,,3-(1)
,,3-(1)
,,3-(1)
,,3-(1)
,,3-(1)
,,3-(1)
,,3-(1)
,,3-(1)
,,3-(1)
,,3-(1)
,,3-(1)
,,3-(1)
,,3-(1)
,,3-(1)
,,3-(1)
,,3-(1)
,,3-(1)
,,3-(1)
,,3-(1)
,,3-(1)
,,3-(1)
,,3-(1)
,,3-(1)
,,3-(1)
,,3-(1)
,,3-(1)
,,3-(1)
,,3-(1)
,,3-(2)
,,3-(2)
,,3-(2)
,,3-(2)
,,3-(2)
,,3-(2)
,,3-(2)
,,3-(2)
,,3-(2)
,,3-(2)
,,3-(2)
,,3-(2)
,,3-(2)
,,3-(2)
,,3-(2)
,,3-(2)
,,3-(2)
,,3-(2)
,,3-(2)
,,3-(2)
,,3-(2)
,,3-(2)
,,3-(2)
,,3-(3)
,,3-(3)
,,3-(3)
,,3-(3)
,,3-(3)
,,3-(3)
,,3-(3)
,,3-(3)
,,3-(3)
,,3-(3)
,,3-(3)
,,3-(5)
,,3-(5)
,,3-(5)
,,3-(5)
,,3-(5)
,,3-(5)
,,3-(5)
,,3-(5)
,,3-(5)
,,3-(5)
,,3-(5)
,,3-(5)
,,3-(5)
,,3-(5)
,,3-(5)
,,3-(5)
,,3-(5)
,,3-(5)
,,3-(5)
,,3-(5)
,,3-(5)
,,3-(5)
,,3-(5)
,,3-(5)
,,3-(5)
,,3-(5)
,,3-(5)
,,3-(5)
,,3-(5)
,,3-(5)
,,3-(6)
,,3-(7)
,,3-(7)
,,3-(7)
,,3-(7)
,,3-(7)
,,3-(7)
,,3-(7)
,,3-(7)
,,3-(7)
,,3-(7)
,,3-(7)
,,3-(7)
,,3-(7)
,,3-(7)
,,3-(7)
,,3-(7)
,,3-(7)
,,3-(7)
,,3-(7)
,,3-(7)
,,3-(7)
,,3-(7)
,,3-(7)
,,3-(7)
,,3-(7)
,,3-(7)
,,3-(7)
,,3-(7)
,,3-(7)
,,3-(8)
,,3-(8)
,,3-(8)
,,3-(8)
,,3-(8)
,,3-(8)
,,3-(8)
,,3-(8)
,,3-(8)
,,3-(8)
,,3-(8)
,,3-(8)
,,3-(8)
,,3-(8)
,,3-(8)
,,3-(8)
,,3-(8)
,,3-(8)
,,3-(8)
,,3-(8)
,,3-(8)
,,3-(8)
,,3-(8)
,,3-(8)
,,3-(8)
,,3-(8)
,,3-(8)
,,3-(8)
,,3-(8)
,,3-(8)
,,3-(8)
,,3-(8)
,,3-(9)
,,3-(9)
,,3-(9)
,,3-(9)
,,3-(9)
,,3-(9)
,,3-(9)
,,3-(9)
,,3-(9)
,,3-(9)
,,3-(9)
,,3-(9)
,,3-(9)
,,4-(1)
,,4-(1)
,,4-(1)Å©ÅH
,,4-(10)
,,4-(10)
,,4-(10)
,,4-(10)
,,4-(10)
,,4-(10)
,,4-(10)
,,4-(10)
,,4-(10)
,,4-(10)
,,4-(10)
,,4-(10)
,,4-(10)
,,4-(10)
,,4-(10)
,,4-(10)
,,4-(10)
,,4-(10)
,,4-(10)
,,4-(10)
,,4-(10)
,,4-(10)
,,4-(10)
,,4-(10)
,,4-(10)
,,4-(10)
,,4-(10)
,,4-(10)
,,4-(10)
,,4-(10)
,,4-(10)
,,4-(10)
,,4-(10)
,,4-(10)
,,4-(10)
,,4-(10)
,,4-(10)
,,4-(10)
,,4-(10)
,,4-(10)
,,4-(10)
,,4-(10)
,,4-(10)
,,4-(10)
,,4-(10)
,,4-(10)
,,4-(10)
,,4-(10)
,,4-(10)
,,4-(10)
,,4-(10)
,,4-(10)
,,4-(10)
,,4-(10)
,,4-(10)
,,4-(10)
,,4-(10)
,,4-(10)
,,4-(10)
,,4-(10)
,,4-(10)
,,4-(10)
,,4-(10)
,,4-(10)
,,4-(10)
,,4-(10)
,,4-(10)
,,4-(10)
,,4-(10)
,,4-(10)
,,4-(10)
,,4-(10)
,,4-(10)
,,4-(10)
,,4-(10)
,,4-(10)
,,4-(10)
,,4-(10)
,,4-(10)
,,4-(10)
,,4-(10)
,,4-(10)
,,4-(12)
,,4-(12)
,,4-(12)
,,4-(12)
,,4-(12)
,,4-(12)
,,4-(12)
,,4-(12)
,,4-(12)
,,4-(12)
,,4-(12)
,,4-(12)
,,4-(12)
,,4-(12)
,,4-(12)
,,4-(12)
,,4-(12)
,,4-(12)
,,4-(12)
,,4-(12)
,,4-(12)
,,4-(12)
,,4-(12)
,,4-(12)
,,4-(12)
,,4-(12)
,,4-(12)
,,4-(12)
,,4-(12)
,,4-(12)
,,4-(12)
,,4-(12)
,,4-(12)
,,4-(12)
,,4-(12)
,,4-(12)
,,4-(12)
,,4-(12)
,,4-(12)
,,4-(12)
,,4-(12)
,,4-(12)
,,4-(12)
,,4-(12)
,,4-(17)
,,4-(19)
,,4-(19)
,,4-(19)
,,4-(19)
,,4-(19)
,,4-(19)
,,4-(19)
,,4-(19)
,,4-(19)
,,4-(19)
,,4-(19)
,,4-(19)
,,4-(19)
,,4-(19)
,,4-(19)
,,4-(19)
,,4-(21)
,,4-(21)
,,4-(21)
,,4-(21)
,,4-(21)
,,4-(21)
,,4-(21)
,,4-(21)
,,4-(21)
,,4-(21)
,,4-(21)
,,4-(21)
,,4-(21)
,,4-(21)
,,4-(21)
,,4-(21)
,,4-(21)
,,4-(21)
,,4-(21)
,,4-(21)
,,4-(21)
,,4-(21)
,,4-(21)
,,4-(21)
,,4-(21)
,,4-(21)
,,4-(21)
,,4-(21)
,,4-(21)
,,4-(23)
,,4-(24)
,,4-(24)
,,4-(24)
,,4-(24)
,,4-(24)
,,4-(24)
,,4-(24)
,,4-(24)
,,4-(24)
,,4-(24)
,,4-(24)
,,4-(24)
,,4-(24)
,,4-(24)
,,4-(24)
,,4-(24)
,,4-(24)
,,4-(24)
,,4-(24)
,,4-(24)
,,4-(24)
,,4-(24)
,,4-(24)
,,4-(24)
,,4-(24)
,,4-(24)
,,4-(24)
,,4-(24)
,,4-(24)
,,4-(24)
,,4-(24)
,,4-(24)
,,4-(24)
,,4-(24)
,,4-(24)
,,4-(24)
,,4-(24)
,,4-(24)
,,4-(24)
,,4-(24)
,,4-(24)
,,4-(24)
,,4-(24)
,,4-(24)
,,4-(24)
,,4-(24)
,,4-(24)
,,4-(24)
,,4-(24)
,,4-(24)
,,4-(24)
,,4-(24)
,,4-(24)
,,4-(24)
,,4-(24)
,,4-(24)
,,4-(24)
,,4-(24)
,,4-(24)
,,4-(24)
,,4-(26)
,,4-(26)
,,4-(26)
,,4-(26)
,,4-(26)
,,4-(26)
,,4-(26)
,,4-(31)
,,5-(10)
,,5-(13)
,,5-(13)
,,5-(13)
,,5-(13)
,,5-(13)
,,5-(13)
,,5-(14)
,,5-(14)
,,5-(15)
,,5-(15)
,,5-(15)
,,5-(15)
,,5-(15)
,,5-(15)
,,5-(15)
,,5-(15)
,,5-(15)
,,5-(15)
,,5-(15)
,,5-(15)
,,5-(15)
,,5-(15)
,,5-(15)
,,5-(15)
,,5-(15)
,,5-(15)
,,5-(15)
,,5-(15)
,,5-(15)
,,5-(15)
,,5-(15)
,,5-(15)
,,5-(15)
,,5-(15)
,,5-(15)
,,5-(15)
,,5-(15)
,,5-(15)
,,5-(15)
,,5-(15)
,,5-(15)
,,5-(15)
,,5-(15)
,,5-(15)
,,5-(15)
,,5-(15)
,,5-(15)
,,5-(15)
,,5-(15)
,,5-(15)
,,5-(15)
,,5-(15)
,,5-(15)
,,5-(15)
,,5-(15)
,,5-(15)
,,5-(15)
,,5-(15)
,,5-(15)
,,5-(15)
,,5-(15)
,,5-(15)
,,5-(15)
,,5-(15)
,,5-(15)
,,5-(15)
,,5-(15)
,,5-(15)
,,5-(15)
,,5-(15)
,,5-(15)
,,5-(15)
,,5-(15)
,,5-(15)
,,5-(15)
,,5-(15)
,,5-(15)
,,5-(15)
,,5-(15)
,,5-(15)
,,5-(15)
,,5-(15)
,,5-(15)
,,5-(15)
,,5-(28)
,,5-(28)
,,5-(28)
,,5-(28)
,,5-(28)
,,5-(28)
,,5-(28)
,,5-(28)
,,5-(28)
,,5-(28)
,,5-(28)
,,5-(28)
,,5-(28)
,,5-(28)
,,5-(28)
,,5-(28)
,,5-(28)
,,5-(3)
,,5-(3)
,,5-(3)
,,5-(4)
,,5-(4)
,,5-(4)
,,5-(4)
,,5-(4)
,,5-(5)
,,5-(5)
,,5-(5)
,,5-(5)
,,5-(5)
,,5-(5)
,,5-(8)
,,5-(8)
,,5-(8)
,,5-(8)
,,5-(8)
,,5-(8)
,,5-(8)
,,5-(8)
,,5-(8)
,,5-(8)
,,5-(8)
,,5-(8)
,,5-(8)
,,5-(8)
,,5-(8)
,,5-(8)
,,5-(8)
,,5-(8)
,,5-(8)
,,5-(8)
,,5-(8)
,,5-(8)
,,5-(8)
,,5-(8)
,,5-(8)
,,5-(8)
,,5-(8)
,,5-(8)
,,5-(8)
,,5-(9)
,,5-(9)
,,5-(9)
,,5-(9)
,,6-(6)
,,6-(6)
,,6-(6)
,,6-(6)
,,6-(6)
,,6-(6)
,,6-(6)
,,7
,,7
,,7
,,7
,,7
,,7
,,7
,,7
,,7
,,7
,,7
,,7
,,7
,,7
,,7
,,7
,,7
,,7
,,7
,,7
,,7
,,7
,,7
,,7
,,7
,,7
,,7
,,7
,,7
,,7
,,7
,,7
,,7
,,7
,,7
,,7
,,7
,,7
,,7
,,7
,,7
,,7
,,7
,,7
,,7
,,7
,,7
,,7
,,7
,,7
,,7
,,7
,,7
,,7
,,7
,,7
,,7
,,7
,,7
,,7
,,7
,,7
,,7
,,7
,,7
,,7
,,7
,,7
,,7
,,7
,,7
,,7
,,7
,,7
,,7
,,7
,,7
,,7
,,7
,,7
,,7
,,7
,,7
,,7
,,7
,,7
,,7
,,7
,,7
,,7
,,7
,,7
,,7
,,7
,,7
,,7
,,7
,,7
,,7
,,7
,,7
,,7
,,7
,,7
,,7
,,7
,,7
,,7
,,7
,,7
,,7
,,7
,,7
,,7
,,7
,,7
,,7
,,7
,,7
,,7
,,7
,,7
,,7
,,7
,,7
,,7
,,7
,,7
,,7
,,7
,,7
,,7
,,7
,,7
,,7
,,7
,,7
,,7
,,7
,,7
,,7
,,7
,,7
,,7
,,7
,,7
,,7
,,7
,,7
,,7
,,7
,,7
,,7
,,7
,,7
,,7
,,7
,,7
,,7
,,7
,,7
,,7
,,7
,,7
,,7
,,7
,,7
,,7
,,7
,,7
,,7
,,7
,,7
,,7
,,7
,,7
,,7
,,7
,,7
,,7
,,7
,,7
,,7
,,7
,,7
,,7
,,7
,,7
,,7
,,7
,,7
,,7
,,7
,,7
,,7
,,7
,,7
,,7
,,7
,,7
,,7
,,7
,,7
,,7
,,7
,,7
,,7
,,7
,,7
,,7
,,7
,,7
,,7
,,7
,,7
,,7
,,7
,,7
,,7
,,7
,,7
,,7
,,7
,,7
,,7
,,7
,,7
,,7
,,7
,,7
,,7
,,7
,,7
,,7
,,7
,,7
,,7
,,7
,,7
,,7
,,7
,,7
,,7
,,7
,,7
,,7
,,7
,,7
,,7
,,7
,,7
,,7
,,7
,,7
,,7
,,7
,,7
,,7
,,7
,,7
,,7
,,7
,,7
,,7
,,7
,,7
,,7
,,7
,,7
,,7
,,7
,,7
,,7
,,7
,,7
,,7
,,7
,,7
,,7
,,7
,,7
,,7
,,7
,,7
,,7
,,7
,,7
,,7
,,7
,,7
,,7
,,7
,,7
,,7
,,7
,,7
,,7
,,7
,,7
,,7
,,7
,,7
,,7
,,7
,,7
,,7
,,7
,,7
,,7
,,7
,,7
,,7
,,7
,,7
,,7
,,7
,,7
,,7
,,7
,,7
,,7
,,7
,,7
,,7
,,7
,,7
,,7
,,7
,,7
,,7
,,7
,,7
,,7
,,7
,,7
,,7
,,7
,,7
,,7
,,7
,,7
,,7
,,7
,,7
,,7
,,7
,,7
,,7
,,7
,,7
,,7
,,7
,,7
,,7
,,7
,,7
,,7
,,7
,,7
,,7
,,7
,,7
,,7
,,7
,,7
,,7
,,7
,,7
,,7
,,7
,,7
,,7
,,7
,,7
,,7
,,7
,,7
,,7
,,7
,,7
,,7
,,7
,,7
,,7
,,7
,,7
,,7
,,7
,,7
,,7
,,7
,,7
,,7
,,7
,,7
,,7
,,7
,,7
,,7
,,7
,,7
,,7
,,7
,,7
,,7
,,7
,,7
,,7
,,7
,,7
,,7
,,7
,,7
,,7
,,7
,,7
,,7
,,7
,,7
,,7
,,7
,,7
,,7
,,7
,,7
,,7
,,7
,,7
,,7
,,7
,,7
,,7
,,7
,,7
,,7
,,7
,,7
,,7
,,7
,,7
,,7
,,7
,,7
,,7
,,7
,,7
,,7
,,7
,,7
,,7
,,7
,,7
,,7
,,7
,,7
,,7
,,7
,,7
,,7
,,7
,,7
,,7
,,7
,,7
,,7
,,7
,,7
,,7
,,7
,,7
,,7
,,7
,,7
,,7
,,7
,,7
,,7
,,7
,,7
,,7
,,7
,,7
,,7
,,7
,,7
,,7
,,7
,,7
,,7
,,7
,,7
,,7
,,7
,,7
,,7
,,7
,,7
,,7
,,7
,,7
,,7
,,7
,,7
,,7
,,7
,,7
,,7
,,7
,,7
,,7
,,7
,,7
,,7
,,7
,,7
,,7
,,7
,,7
,,7
,,7
,,7
,,7
,,7
,,7
,,7
,,7
